Library, PyQt5, Pyfirmata
Time [s], Voltage Pin A0 [V], Voltage Pin A1 [V], Umbral [V]
0.5, 4.477000, 3.284500, 4.500000
1.0, 4.482000, 3.284500, 4.500000
1.5, 4.477000, 3.284500, 4.500000
2.0, 4.482000, 3.284500, 4.500000
2.5, 4.482000, 3.289500, 4.500000
3.0, 4.477000, 3.279500, 4.500000
3.5, 4.482000, 3.284500, 4.500000
4.0, 4.482000, 3.289500, 4.500000
4.5, 4.477000, 3.284500, 4.500000
5.0, 4.477000, 3.284500, 4.500000
5.5, 4.472000, 3.274500, 4.500000
6.0, 4.477000, 3.284500, 4.500000
6.5, 4.477000, 3.284500, 4.500000
7.0, 4.482000, 3.289500, 4.500000
7.5, 4.477000, 3.284500, 4.500000
8.0, 4.482000, 3.289500, 4.500000
8.5, 4.482000, 3.279500, 4.500000
9.0, 4.482000, 3.284500, 4.500000
9.5, 4.467500, 3.279500, 4.500000
10.0, 4.477000, 3.289500, 4.500000
10.5, 4.482000, 3.284500, 4.500000
11.0, 4.482000, 3.284500, 4.500000
11.5, 4.477000, 3.284500, 4.500000
12.0, 4.477000, 3.284500, 4.500000
12.5, 4.477000, 3.284500, 4.500000
13.0, 4.477000, 3.284500, 4.500000
13.5, 4.487000, 3.289500, 4.500000
14.0, 4.482000, 3.284500, 4.500000
14.5, 4.487000, 3.284500, 4.500000
15.0, 4.477000, 3.284500, 4.499000
15.5, 4.477000, 3.284500, 4.497000
16.0, 4.482000, 3.289500, 4.495000
16.5, 4.482000, 3.284500, 4.493000
17.0, 4.477000, 3.284500, 4.491000
17.5, 4.487000, 3.289500, 4.489000
18.0, 4.482000, 3.284500, 4.486000
18.5, 4.482000, 3.284500, 4.485000
19.0, 4.487000, 3.289500, 4.484000
19.5, 4.482000, 3.289500, 4.484000
20.0, 4.482000, 3.284500, 4.484000
20.5, 4.487000, 3.284500, 4.484000
21.0, 4.477000, 3.284500, 4.484000
21.5, 4.482000, 3.284500, 4.484000
22.0, 4.482000, 3.284500, 4.484000
22.5, 4.477000, 3.284500, 4.484000
23.0, 4.487000, 3.289500, 4.484000
23.5, 4.477000, 3.284500, 4.484000
24.0, 4.482000, 3.289500, 4.484000
24.5, 4.482000, 3.289500, 4.484000
25.0, 4.477000, 3.284500, 4.484000
25.5, 4.482000, 3.284500, 4.484000
26.0, 4.482000, 3.289500, 4.484000
26.5, 4.477000, 3.284500, 4.484000
27.0, 4.477000, 3.284500, 4.483000
27.5, 4.477000, 3.284500, 4.483000
28.0, 4.477000, 3.284500, 4.483000
28.5, 4.482000, 3.289500, 4.483000
29.0, 4.477000, 3.284500, 4.483000
29.5, 4.482000, 3.289500, 4.483000
30.0, 4.482000, 3.284500, 4.483000
30.5, 4.482000, 3.284500, 4.483000
31.0, 4.482000, 3.279500, 4.483000
31.5, 4.482000, 3.284500, 4.483000
32.0, 4.482000, 3.279500, 4.483000
32.5, 4.482000, 3.284500, 4.483000
33.0, 4.477000, 3.284500, 4.483000
33.5, 4.491500, 3.294000, 4.483000
34.0, 4.482000, 3.289500, 4.483000
34.5, 4.482000, 3.284500, 4.483000
35.0, 4.482000, 3.284500, 4.483000
35.5, 4.477000, 3.284500, 4.483000
36.0, 4.477000, 3.274500, 4.483000
36.5, 4.477000, 3.284500, 4.483000
37.0, 4.477000, 3.284500, 4.483000
37.5, 4.482000, 3.284500, 4.483000
38.0, 4.482000, 3.284500, 4.483000
38.5, 4.477000, 3.284500, 4.483000
39.0, 4.482000, 3.284500, 4.483000
39.5, 4.482000, 3.284500, 4.483000
40.0, 4.482000, 3.289500, 4.483000
40.5, 4.482000, 3.284500, 4.483000
41.0, 4.482000, 3.289500, 4.483000
41.5, 4.477000, 3.284500, 4.483000
42.0, 4.482000, 2.082000, 4.483000
42.5, 4.477000, 5.000000, 4.483000
43.0, 4.472000, 5.000000, 4.483000
43.5, 4.477000, 5.000000, 4.483000
44.0, 4.467500, 5.000000, 4.483000
44.5, 4.477000, 5.000000, 4.483000
45.0, 4.482000, 5.000000, 4.483000
45.5, 4.472000, 5.000000, 4.483000
46.0, 4.477000, 5.000000, 4.483000
46.5, 4.477000, 5.000000, 4.483000
47.0, 4.477000, 5.000000, 4.483000
47.5, 4.477000, 5.000000, 4.483000
48.0, 4.477000, 5.000000, 4.483000
48.5, 4.477000, 5.000000, 4.483000
49.0, 4.472000, 5.000000, 4.483000
49.5, 4.477000, 5.000000, 4.483000
50.0, 4.472000, 5.000000, 4.483000
50.5, 4.482000, 5.000000, 4.483000
51.0, 4.472000, 5.000000, 4.483000
51.5, 4.477000, 5.000000, 4.483000
52.0, 4.477000, 5.000000, 4.483000
52.5, 4.477000, 5.000000, 4.483000
53.0, 4.477000, 5.000000, 4.483000
53.5, 4.477000, 5.000000, 4.483000
54.0, 4.477000, 5.000000, 4.483000
54.5, 4.477000, 5.000000, 4.483000
55.0, 4.477000, 5.000000, 4.483000
55.5, 4.472000, 5.000000, 4.483000
56.0, 4.472000, 5.000000, 4.483000
56.5, 4.482000, 5.000000, 4.483000
57.0, 4.477000, 5.000000, 4.483000
57.5, 4.477000, 5.000000, 4.483000
58.0, 4.472000, 5.000000, 4.483000
58.5, 4.477000, 5.000000, 4.483000
59.0, 4.472000, 5.000000, 4.483000
59.5, 4.477000, 5.000000, 4.483000
60.0, 4.472000, 5.000000, 4.483000
60.5, 4.477000, 5.000000, 4.483000
61.0, 4.472000, 5.000000, 4.483000
61.5, 4.477000, 5.000000, 4.483000
62.0, 4.477000, 5.000000, 4.483000
62.5, 4.477000, 5.000000, 4.483000
63.0, 4.477000, 5.000000, 4.483000
63.5, 4.472000, 5.000000, 4.483000
64.0, 4.477000, 5.000000, 4.483000
64.5, 4.477000, 5.000000, 4.483000
65.0, 4.477000, 5.000000, 4.483000
65.5, 4.482000, 5.000000, 4.483000
66.0, 4.477000, 5.000000, 4.483000
66.5, 4.477000, 5.000000, 4.483000
67.0, 4.477000, 5.000000, 4.483000
67.5, 4.477000, 5.000000, 4.483000
68.0, 4.477000, 5.000000, 4.483000
68.5, 4.472000, 5.000000, 4.483000
69.0, 4.477000, 5.000000, 4.483000
69.5, 4.477000, 5.000000, 3.300000
70.0, 4.457500, 5.000000, 3.300000
70.5, 4.477000, 5.000000, 3.300000
71.0, 4.477000, 5.000000, 3.300000
71.5, 4.477000, 5.000000, 3.300000
72.0, 4.477000, 5.000000, 3.300000
72.5, 4.482000, 5.000000, 3.300000
73.0, 4.472000, 5.000000, 3.300000
73.5, 4.472000, 5.000000, 3.300000
74.0, 4.482000, 5.000000, 3.300000
74.5, 4.472000, 5.000000, 3.300000
75.0, 4.477000, 5.000000, 3.300000
75.5, 4.472000, 5.000000, 3.300000
76.0, 4.477000, 5.000000, 3.300000
76.5, 4.477000, 5.000000, 3.300000
77.0, 4.472000, 5.000000, 3.300000
77.5, 4.477000, 5.000000, 3.300000
78.0, 4.477000, 5.000000, 3.300000
78.5, 4.472000, 5.000000, 3.300000
79.0, 4.477000, 5.000000, 3.300000
79.5, 4.467500, 5.000000, 3.300000
80.0, 4.472000, 5.000000, 3.300000
80.5, 4.477000, 5.000000, 3.300000
81.0, 4.477000, 5.000000, 3.300000
81.5, 4.472000, 5.000000, 3.300000
82.0, 4.477000, 5.000000, 3.300000
82.5, 4.482000, 5.000000, 3.300000
83.0, 4.477000, 5.000000, 3.300000
83.5, 4.477000, 5.000000, 3.300000
84.0, 4.472000, 5.000000, 3.300000
84.5, 4.477000, 5.000000, 3.300000
85.0, 4.472000, 5.000000, 3.300000
85.5, 4.482000, 5.000000, 3.300000
86.0, 4.472000, 5.000000, 3.300000
86.5, 4.477000, 5.000000, 3.300000
87.0, 4.477000, 5.000000, 3.300000
87.5, 4.477000, 5.000000, 3.300000
88.0, 4.477000, 5.000000, 3.300000
88.5, 4.477000, 5.000000, 3.300000
89.0, 4.477000, 5.000000, 3.300000
89.5, 4.477000, 5.000000, 3.300000
90.0, 4.477000, 5.000000, 3.300000
90.5, 4.472000, 5.000000, 3.300000
91.0, 4.477000, 5.000000, 3.300000
91.5, 4.477000, 5.000000, 3.300000
92.0, 4.477000, 5.000000, 3.300000
92.5, 4.472000, 5.000000, 3.300000
93.0, 4.477000, 5.000000, 3.300000
93.5, 4.472000, 5.000000, 3.300000
94.0, 4.477000, 5.000000, 3.300000
94.5, 4.477000, 5.000000, 3.300000
95.0, 4.477000, 5.000000, 3.300000
95.5, 4.477000, 5.000000, 3.300000
96.0, 4.472000, 5.000000, 3.300000
96.5, 4.472000, 5.000000, 3.300000
97.0, 4.472000, 5.000000, 3.300000
97.5, 4.477000, 5.000000, 3.300000
98.0, 4.472000, 5.000000, 3.300000
98.5, 4.477000, 5.000000, 3.300000
99.0, 4.472000, 5.000000, 3.300000
99.5, 4.467500, 5.000000, 3.300000
100.0, 4.477000, 5.000000, 3.300000
100.5, 4.472000, 5.000000, 3.300000
101.0, 4.477000, 5.000000, 3.300000
101.5, 4.477000, 5.000000, 3.300000
102.0, 4.477000, 5.000000, 3.300000
102.5, 4.472000, 5.000000, 3.300000
103.0, 4.472000, 5.000000, 3.300000
103.5, 4.472000, 5.000000, 3.300000
104.0, 4.477000, 5.000000, 3.300000
104.5, 4.472000, 5.000000, 3.300000
105.0, 4.477000, 5.000000, 3.300000
105.5, 4.462500, 5.000000, 3.300000
106.0, 4.467500, 5.000000, 3.300000
106.5, 4.482000, 5.000000, 3.300000
107.0, 4.472000, 5.000000, 3.300000
107.5, 4.477000, 5.000000, 3.300000
108.0, 4.477000, 5.000000, 3.300000
108.5, 4.482000, 5.000000, 3.300000
109.0, 4.477000, 5.000000, 3.300000
109.5, 4.477000, 5.000000, 3.300000
110.0, 4.477000, 5.000000, 3.300000
110.5, 4.472000, 5.000000, 3.300000
111.0, 4.477000, 5.000000, 3.300000
111.5, 4.477000, 5.000000, 3.300000
112.0, 4.472000, 5.000000, 3.300000
112.5, 4.477000, 5.000000, 3.300000
113.0, 4.472000, 5.000000, 3.300000
113.5, 4.477000, 5.000000, 3.300000
114.0, 4.477000, 5.000000, 3.300000
114.5, 4.472000, 5.000000, 3.300000
115.0, 4.477000, 5.000000, 3.300000
115.5, 4.477000, 5.000000, 3.300000
116.0, 4.477000, 5.000000, 3.300000
116.5, 4.477000, 5.000000, 3.300000
117.0, 4.472000, 5.000000, 3.300000
117.5, 4.477000, 5.000000, 3.300000
118.0, 4.472000, 5.000000, 3.300000
118.5, 4.472000, 5.000000, 3.300000
119.0, 4.472000, 5.000000, 3.300000
119.5, 4.477000, 5.000000, 3.300000
120.0, 4.477000, 5.000000, 3.300000
120.5, 4.472000, 5.000000, 3.300000
121.0, 4.477000, 5.000000, 3.300000
121.5, 4.472000, 5.000000, 3.300000
122.0, 4.467500, 5.000000, 3.300000
122.5, 4.472000, 5.000000, 3.300000
123.0, 4.472000, 5.000000, 3.300000
123.5, 4.472000, 5.000000, 3.300000
124.0, 4.477000, 5.000000, 3.300000
124.5, 4.472000, 5.000000, 3.300000
125.0, 4.472000, 5.000000, 3.300000
125.5, 4.477000, 5.000000, 3.300000
126.0, 4.477000, 5.000000, 3.300000
126.5, 4.477000, 5.000000, 3.300000
127.0, 4.472000, 5.000000, 3.300000
127.5, 4.477000, 5.000000, 3.300000
128.0, 4.482000, 5.000000, 3.300000
128.5, 4.477000, 5.000000, 3.300000
129.0, 4.482000, 5.000000, 3.300000
129.5, 4.472000, 5.000000, 3.300000
130.0, 4.477000, 5.000000, 3.300000
130.5, 4.477000, 5.000000, 3.300000
131.0, 4.482000, 5.000000, 3.300000
131.5, 4.477000, 5.000000, 3.300000
132.0, 4.472000, 5.000000, 3.300000
132.5, 4.472000, 5.000000, 3.300000
133.0, 4.477000, 5.000000, 3.300000
133.5, 4.477000, 5.000000, 3.300000
134.0, 4.472000, 5.000000, 3.300000
134.5, 4.472000, 5.000000, 3.300000
135.0, 4.477000, 5.000000, 3.300000
135.5, 4.477000, 5.000000, 3.300000
136.0, 4.482000, 5.000000, 3.300000
136.5, 4.477000, 5.000000, 3.300000
137.0, 4.477000, 5.000000, 3.300000
137.5, 4.477000, 5.000000, 3.300000
138.0, 4.477000, 5.000000, 3.300000
138.5, 4.477000, 5.000000, 3.300000
139.0, 4.472000, 5.000000, 3.300000
139.5, 4.477000, 5.000000, 3.300000
140.0, 4.477000, 5.000000, 3.300000
140.5, 4.477000, 5.000000, 3.300000
141.0, 4.477000, 5.000000, 3.300000
141.5, 4.477000, 5.000000, 3.300000
142.0, 4.477000, 5.000000, 3.300000
142.5, 4.482000, 5.000000, 3.300000
143.0, 4.482000, 5.000000, 3.300000
143.5, 4.477000, 5.000000, 3.300000
144.0, 4.482000, 5.000000, 3.300000
144.5, 4.472000, 5.000000, 3.300000
145.0, 4.477000, 5.000000, 3.300000
145.5, 4.482000, 5.000000, 3.300000
146.0, 4.472000, 5.000000, 3.300000
146.5, 4.472000, 5.000000, 3.300000
147.0, 4.477000, 5.000000, 3.300000
147.5, 4.477000, 5.000000, 3.300000
148.0, 4.482000, 5.000000, 3.300000
148.5, 4.472000, 5.000000, 3.300000
149.0, 4.477000, 5.000000, 3.300000
149.5, 4.477000, 5.000000, 3.300000
150.0, 4.477000, 5.000000, 3.300000
150.5, 4.482000, 4.995000, 3.300000
151.0, 4.472000, 5.000000, 3.300000
151.5, 4.472000, 5.000000, 3.300000
152.0, 4.472000, 2.185000, 3.300000
152.5, 4.482000, 5.000000, 3.300000
153.0, 4.472000, 1.999000, 3.300000
153.5, 4.477000, 0.000000, 3.300000
154.0, 4.482000, 0.000000, 3.300000
154.5, 4.482000, 0.000000, 3.300000
155.0, 4.477000, 0.000000, 3.300000
155.5, 4.472000, 0.000000, 3.300000
156.0, 4.477000, 0.000000, 3.300000
156.5, 0.000000, 0.000000, 3.300000
157.0, 0.000000, 0.000000, 3.300000
157.5, 0.000000, 0.000000, 3.300000
158.0, 0.000000, 0.000000, 3.300000
158.5, 0.000000, 0.000000, 3.300000
159.0, 0.000000, 0.000000, 3.300000
159.5, 0.000000, 0.000000, 3.300000
160.0, 0.000000, 0.000000, 3.300000
160.5, 0.000000, 0.000000, 3.300000
161.0, 0.000000, 0.000000, 3.300000
161.5, 0.000000, 0.000000, 3.300000
162.0, 0.000000, 0.000000, 3.300000
162.5, 0.000000, 0.000000, 3.300000
163.0, 0.000000, 0.000000, 3.300000
163.5, 0.000000, 0.000000, 3.300000
164.0, 0.000000, 0.000000, 3.300000
164.5, 0.000000, 0.000000, 3.300000
165.0, 0.000000, 0.000000, 3.300000
165.5, 0.000000, 0.000000, 3.300000
166.0, 0.000000, 0.000000, 3.300000
166.5, 0.000000, 0.000000, 3.300000
167.0, 0.000000, 0.000000, 3.300000
167.5, 0.000000, 0.000000, 3.300000
168.0, 0.000000, 0.000000, 3.300000
168.5, 0.000000, 0.000000, 3.300000
169.0, 0.000000, 0.000000, 3.300000
169.5, 0.000000, 0.000000, 3.300000
170.0, 0.000000, 0.000000, 3.300000
170.5, 0.000000, 0.000000, 3.300000
171.0, 0.000000, 0.000000, 3.300000
171.5, 0.000000, 0.000000, 3.300000
172.0, 0.000000, 0.000000, 3.300000
172.5, 0.000000, 0.000000, 3.300000
173.0, 0.000000, 0.000000, 3.300000
173.5, 0.000000, 0.000000, 3.300000
174.0, 0.000000, 0.000000, 3.300000
174.5, 0.000000, 0.000000, 3.300000
175.0, 0.000000, 0.000000, 3.300000
175.5, 0.000000, 0.000000, 3.300000
176.0, 0.000000, 0.000000, 3.300000
176.5, 0.000000, 0.000000, 3.300000
177.0, 0.000000, 0.000000, 3.300000
177.5, 0.000000, 0.000000, 3.300000
178.0, 0.000000, 0.000000, 3.300000
178.5, 0.000000, 0.000000, 3.300000
179.0, 0.000000, 0.000000, 3.300000
179.5, 0.000000, 0.000000, 3.300000
180.0, 0.000000, 0.000000, 3.300000
180.5, 0.000000, 0.000000, 3.300000
181.0, 0.000000, 0.000000, 3.300000
181.5, 0.000000, 0.000000, 3.300000
182.0, 0.000000, 0.000000, 3.300000
182.5, 0.000000, 0.000000, 3.300000
183.0, 0.000000, 0.000000, 3.300000
183.5, 0.000000, 0.000000, 3.300000
184.0, 0.000000, 0.000000, 3.300000
184.5, 0.000000, 0.000000, 3.300000
185.0, 0.000000, 0.000000, 3.300000
185.5, 0.000000, 0.000000, 3.300000
186.0, 0.000000, 0.000000, 3.300000
186.5, 0.000000, 0.000000, 3.300000
187.0, 0.000000, 0.000000, 3.300000
187.5, 0.000000, 0.000000, 3.300000
188.0, 0.000000, 0.000000, 3.300000
188.5, 0.000000, 0.000000, 3.300000
189.0, 0.000000, 0.000000, 3.300000
189.5, 0.000000, 0.000000, 3.300000
190.0, 0.000000, 0.000000, 3.300000
190.5, 0.000000, 0.000000, 3.300000
191.0, 0.000000, 0.000000, 3.300000
191.5, 0.000000, 0.000000, 3.300000
192.0, 0.000000, 0.000000, 3.300000
192.5, 0.000000, 0.000000, 3.300000
193.0, 0.000000, 0.000000, 3.300000
193.5, 0.000000, 0.000000, 3.300000
194.0, 0.000000, 0.000000, 3.300000
194.5, 0.000000, 0.000000, 3.300000
195.0, 0.000000, 0.000000, 3.300000
195.5, 0.000000, 0.000000, 3.300000
196.0, 0.000000, 0.000000, 3.300000
196.5, 0.000000, 0.000000, 3.300000
197.0, 0.000000, 0.000000, 3.300000
197.5, 0.000000, 0.000000, 3.300000
198.0, 0.000000, 0.000000, 3.300000
198.5, 0.000000, 0.000000, 3.300000
199.0, 0.000000, 0.000000, 3.300000
199.5, 0.000000, 0.000000, 3.300000
200.0, 0.000000, 0.000000, 3.300000
200.5, 0.000000, 0.000000, 3.300000
201.0, 0.000000, 0.000000, 3.300000
201.5, 0.000000, 0.000000, 3.300000
202.0, 0.000000, 0.000000, 3.300000
202.5, 0.000000, 0.000000, 3.300000
203.0, 0.000000, 0.000000, 3.300000
203.5, 0.000000, 0.000000, 3.300000
204.0, 0.000000, 0.000000, 3.300000
204.5, 0.000000, 0.000000, 3.300000
205.0, 0.000000, 0.000000, 3.300000
205.5, 0.000000, 0.000000, 3.300000
206.0, 0.000000, 0.000000, 3.300000
206.5, 0.000000, 0.000000, 3.300000
207.0, 0.000000, 0.000000, 3.300000
207.5, 0.000000, 0.000000, 3.300000
208.0, 0.000000, 0.000000, 3.300000
208.5, 0.000000, 0.000000, 3.300000
209.0, 0.000000, 0.000000, 3.300000
209.5, 0.000000, 0.000000, 3.300000
210.0, 0.000000, 0.000000, 3.300000
210.5, 0.000000, 0.000000, 3.300000
211.0, 0.000000, 0.000000, 3.300000
211.5, 0.000000, 0.000000, 3.300000
212.0, 0.000000, 0.000000, 3.300000
212.5, 0.000000, 0.000000, 3.300000
213.0, 0.000000, 0.000000, 3.300000
213.5, 0.000000, 0.000000, 3.300000
214.0, 0.000000, 0.000000, 3.300000
214.5, 0.000000, 0.000000, 3.300000
215.0, 0.000000, 0.000000, 3.300000
215.5, 0.000000, 0.000000, 3.300000
216.0, 0.000000, 0.000000, 3.300000
216.5, 0.000000, 0.000000, 3.300000
217.0, 0.000000, 0.000000, 3.300000
217.5, 0.000000, 0.000000, 3.300000
218.0, 0.000000, 0.000000, 3.300000
218.5, 0.000000, 0.000000, 3.300000
219.0, 0.000000, 0.000000, 3.300000
219.5, 0.000000, 0.000000, 3.300000
220.0, 0.000000, 0.000000, 3.300000
220.5, 0.000000, 0.000000, 3.300000
221.0, 0.000000, 0.000000, 3.300000
221.5, 0.000000, 0.000000, 3.300000
222.0, 0.000000, 0.000000, 3.300000
222.5, 0.000000, 0.000000, 3.300000
223.0, 0.000000, 0.000000, 3.300000
223.5, 0.000000, 0.000000, 3.300000
224.0, 0.000000, 0.000000, 3.300000
224.5, 0.000000, 0.000000, 3.300000
225.0, 0.000000, 0.000000, 3.300000
225.5, 0.000000, 0.000000, 3.300000
226.0, 0.000000, 0.000000, 3.300000
226.5, 0.000000, 0.000000, 3.300000
227.0, 0.000000, 0.000000, 3.300000
227.5, 0.000000, 0.000000, 3.300000
228.0, 0.000000, 0.000000, 3.300000
228.5, 0.000000, 0.000000, 3.300000
229.0, 0.000000, 0.000000, 3.300000
229.5, 0.000000, 0.000000, 3.300000
230.0, 0.000000, 0.000000, 3.300000
230.5, 0.000000, 0.000000, 3.300000
231.0, 0.000000, 0.000000, 3.300000
231.5, 0.000000, 0.000000, 3.300000
232.0, 0.000000, 0.000000, 3.300000
232.5, 0.000000, 0.000000, 3.300000
233.0, 0.000000, 0.000000, 3.300000
233.5, 0.000000, 0.000000, 3.300000
234.0, 0.000000, 0.000000, 3.300000
234.5, 0.000000, 0.000000, 3.300000
235.0, 0.000000, 0.000000, 3.300000
235.5, 0.000000, 0.000000, 3.300000
236.0, 0.000000, 0.000000, 3.300000
236.5, 0.000000, 0.000000, 3.300000
237.0, 0.000000, 0.000000, 3.300000
237.5, 0.000000, 0.000000, 3.300000
238.0, 0.000000, 0.000000, 3.300000
238.5, 0.000000, 0.000000, 3.300000
239.0, 0.000000, 0.000000, 3.300000
239.5, 0.000000, 0.137000, 3.300000
240.0, 0.000000, 3.279500, 3.300000
240.5, 0.000000, 3.284500, 3.300000
241.0, 0.000000, 3.284500, 3.300000
241.5, 0.000000, 3.284500, 3.300000
242.0, 0.000000, 3.284500, 3.300000
242.5, 0.000000, 3.284500, 3.300000
243.0, 0.000000, 3.284500, 3.300000
243.5, 0.000000, 3.284500, 3.300000
244.0, 0.000000, 3.284500, 3.300000
244.5, 0.000000, 3.289500, 3.300000
245.0, 0.000000, 3.284500, 3.300000
245.5, 0.000000, 3.284500, 3.300000
246.0, 0.000000, 3.284500, 3.300000
246.5, 0.000000, 3.284500, 3.300000
247.0, 0.000000, 3.289500, 3.300000
247.5, 0.000000, 3.284500, 3.300000
248.0, 0.000000, 3.289500, 3.300000
248.5, 0.000000, 3.284500, 3.300000
249.0, 0.000000, 3.284500, 3.300000
249.5, 0.000000, 3.284500, 3.300000
250.0, 0.000000, 3.284500, 3.300000
250.5, 0.000000, 3.284500, 3.300000
251.0, 0.000000, 3.279500, 3.299000
251.5, 0.000000, 3.284500, 3.297000
252.0, 0.000000, 3.289500, 3.297000
252.5, 0.000000, 3.284500, 3.297000
253.0, 0.000000, 3.284500, 3.297000
253.5, 0.000000, 3.284500, 3.294000
254.0, 0.000000, 3.284500, 3.292000
254.5, 0.000000, 3.284500, 3.290000
255.0, 0.000000, 3.284500, 3.290000
255.5, 0.000000, 3.284500, 3.290000
256.0, 0.000000, 3.289500, 3.290000
256.5, 0.000000, 3.289500, 3.290000
257.0, 0.000000, 3.284500, 3.290000
257.5, 0.000000, 3.284500, 3.290000
258.0, 0.000000, 3.284500, 3.288000
258.5, 0.000000, 3.284500, 3.286000
259.0, 0.000000, 3.284500, 3.284000
259.5, 0.000000, 3.323500, 3.283000
260.0, 0.000000, 3.328500, 3.283000
260.5, 0.000000, 3.328500, 3.283000
261.0, 0.000000, 3.323500, 3.283000
261.5, 0.000000, 3.323500, 3.283000
262.0, 0.000000, 3.328500, 3.283000
262.5, 0.000000, 3.323500, 3.283000
263.0, 0.000000, 3.323500, 3.283000
263.5, 0.000000, 3.323500, 3.283000
264.0, 0.000000, 3.328500, 3.283000
264.5, 0.000000, 3.328500, 3.283000
265.0, 0.000000, 3.328500, 3.283000
265.5, 0.000000, 3.323500, 3.283000
266.0, 0.000000, 3.323500, 3.283000
266.5, 0.000000, 3.323500, 3.283000
267.0, 0.000000, 3.328500, 3.283000
267.5, 0.000000, 3.323500, 3.283000
268.0, 0.000000, 3.323500, 3.283000
268.5, 0.000000, 3.328500, 3.283000
269.0, 0.000000, 3.328500, 3.283000
269.5, 0.000000, 3.323500, 3.283000
270.0, 0.000000, 3.328500, 3.283000
270.5, 0.000000, 3.323500, 3.283000
271.0, 0.000000, 3.328500, 3.283000
271.5, 0.000000, 3.318500, 3.283000
272.0, 0.000000, 3.328500, 3.283000
272.5, 0.000000, 3.323500, 3.283000
273.0, 0.000000, 3.323500, 3.283000
273.5, 0.000000, 3.323500, 3.283000
274.0, 0.000000, 3.328500, 3.283000
274.5, 0.000000, 3.323500, 3.283000
275.0, 0.000000, 3.323500, 3.283000
275.5, 0.000000, 3.323500, 3.283000
276.0, 0.000000, 3.328500, 3.283000
276.5, 0.000000, 3.323500, 3.283000
277.0, 0.000000, 3.323500, 3.283000
277.5, 0.000000, 3.318500, 3.283000
278.0, 0.000000, 3.328500, 3.283000
278.5, 0.000000, 3.323500, 3.283000
279.0, 0.000000, 3.323500, 3.283000
279.5, 0.000000, 3.328500, 3.283000
280.0, 0.000000, 3.323500, 3.283000
280.5, 0.000000, 3.323500, 3.283000
281.0, 0.000000, 3.328500, 3.283000
281.5, 0.000000, 3.323500, 3.283000
282.0, 0.000000, 3.323500, 3.283000
282.5, 0.000000, 3.323500, 3.283000
283.0, 0.000000, 3.318500, 3.283000
283.5, 0.000000, 3.328500, 3.283000
284.0, 0.000000, 3.323500, 3.283000
284.5, 0.000000, 3.318500, 3.283000
285.0, 0.000000, 3.328500, 3.283000
285.5, 0.000000, 3.323500, 3.283000
286.0, 0.000000, 3.328500, 3.283000
286.5, 0.000000, 3.323500, 3.283000
287.0, 0.000000, 3.323500, 3.283000
287.5, 0.000000, 3.328500, 3.283000
288.0, 0.000000, 3.323500, 3.283000
288.5, 0.000000, 3.323500, 3.283000
289.0, 0.000000, 3.328500, 3.283000
289.5, 0.000000, 3.323500, 3.283000
290.0, 0.000000, 3.328500, 3.283000
290.5, 0.000000, 3.323500, 3.283000
291.0, 0.000000, 3.328500, 3.283000
291.5, 0.000000, 3.328500, 3.283000
292.0, 0.000000, 3.328500, 3.283000
292.5, 0.000000, 3.328500, 3.283000
293.0, 0.000000, 3.323500, 3.283000
293.5, 0.000000, 3.328500, 3.283000
294.0, 0.000000, 3.328500, 3.283000
294.5, 0.000000, 3.328500, 3.283000
295.0, 0.000000, 3.328500, 3.283000
295.5, 0.000000, 3.328500, 3.283000
296.0, 0.000000, 3.328500, 3.283000
296.5, 0.000000, 3.328500, 3.283000
297.0, 0.000000, 3.328500, 3.283000
297.5, 0.000000, 3.333500, 3.283000
298.0, 0.000000, 3.328500, 3.283000
298.5, 0.000000, 3.328500, 3.283000
299.0, 0.000000, 3.328500, 3.283000
299.5, 0.000000, 3.318500, 3.283000
300.0, 0.000000, 3.328500, 3.283000
300.5, 0.000000, 3.328500, 3.283000
301.0, 0.000000, 3.328500, 3.283000
301.5, 0.000000, 3.328500, 3.283000
302.0, 0.000000, 3.333500, 3.283000
302.5, 0.000000, 3.328500, 3.283000
303.0, 0.000000, 3.323500, 3.283000
303.5, 0.000000, 3.328500, 3.283000
304.0, 0.000000, 3.328500, 3.283000
304.5, 0.000000, 3.328500, 3.283000
305.0, 0.000000, 3.323500, 3.283000
305.5, 0.000000, 3.323500, 3.283000
306.0, 0.000000, 3.323500, 3.283000
306.5, 0.000000, 3.328500, 3.283000
307.0, 0.000000, 3.323500, 3.283000
307.5, 0.000000, 3.328500, 3.283000
308.0, 0.000000, 3.323500, 3.283000
308.5, 0.000000, 3.328500, 3.283000
309.0, 0.000000, 3.328500, 0.200000
309.5, 0.000000, 3.318500, 2.000000
310.0, 0.000000, 3.328500, 2.000000
310.5, 0.000000, 3.323500, 2.000000
311.0, 0.000000, 3.328500, 2.000000
311.5, 0.000000, 3.328500, 2.000000
312.0, 0.000000, 3.328500, 2.000000
312.5, 0.000000, 3.323500, 2.000000
313.0, 0.000000, 3.328500, 2.000000
313.5, 0.000000, 3.323500, 2.000000
314.0, 0.000000, 3.328500, 2.000000
314.5, 0.000000, 3.323500, 2.000000
315.0, 0.000000, 3.328500, 2.000000
315.5, 0.000000, 3.328500, 2.000000
316.0, 0.000000, 3.328500, 2.000000
316.5, 0.000000, 3.333500, 2.000000
317.0, 0.000000, 3.328500, 2.000000
317.5, 0.000000, 3.328500, 2.000000
318.0, 0.000000, 3.328500, 2.000000
318.5, 0.000000, 3.333500, 2.000000
319.0, 0.000000, 3.328500, 2.000000
319.5, 0.000000, 3.328500, 2.000000
320.0, 0.000000, 3.328500, 2.000000
320.5, 0.000000, 3.328500, 2.000000
321.0, 0.000000, 3.328500, 2.000000
321.5, 0.000000, 3.328500, 2.000000
322.0, 0.000000, 3.328500, 2.000000
322.5, 0.000000, 3.328500, 2.000000
323.0, 0.000000, 3.323500, 2.000000
323.5, 0.000000, 3.323500, 2.000000
324.0, 0.000000, 3.328500, 2.000000
324.5, 0.000000, 3.328500, 2.000000
325.0, 0.000000, 3.323500, 2.000000
325.5, 0.000000, 3.328500, 2.000000
326.0, 0.000000, 3.323500, 2.000000
326.5, 0.000000, 3.328500, 2.000000
327.0, 0.000000, 3.323500, 2.000000
327.5, 0.000000, 3.328500, 2.000000
328.0, 0.000000, 3.328500, 2.000000
328.5, 0.000000, 3.328500, 2.000000
329.0, 0.000000, 3.323500, 2.000000
329.5, 0.000000, 3.323500, 2.000000
330.0, 0.000000, 3.328500, 2.000000
330.5, 0.000000, 3.323500, 2.000000
331.0, 0.000000, 3.328500, 2.000000
331.5, 0.000000, 3.328500, 2.000000
332.0, 0.000000, 3.328500, 2.000000
332.5, 0.000000, 3.323500, 2.000000
333.0, 0.000000, 3.328500, 2.000000
333.5, 0.000000, 3.323500, 2.000000
334.0, 0.000000, 3.328500, 2.000000
334.5, 0.000000, 3.323500, 2.000000
335.0, 0.000000, 3.328500, 2.000000
335.5, 0.000000, 3.328500, 2.000000
336.0, 0.000000, 3.328500, 2.000000
336.5, 0.000000, 3.323500, 2.000000
337.0, 0.000000, 3.323500, 2.000000
337.5, 0.000000, 3.328500, 2.000000
338.0, 0.000000, 3.323500, 2.000000
338.5, 0.000000, 3.328500, 2.000000
339.0, 0.000000, 3.323500, 2.000000
339.5, 0.000000, 3.328500, 2.000000
340.0, 0.000000, 3.328500, 2.000000
340.5, 0.000000, 3.328500, 2.000000
341.0, 0.000000, 3.328500, 2.000000
341.5, 0.000000, 3.323500, 2.000000
342.0, 0.000000, 3.323500, 2.000000
342.5, 0.000000, 3.328500, 2.000000
343.0, 0.000000, 3.328500, 2.000000
343.5, 0.000000, 3.323500, 2.000000
344.0, 0.000000, 3.323500, 2.000000
344.5, 0.000000, 3.328500, 2.000000
345.0, 0.000000, 3.323500, 2.000000
345.5, 0.000000, 3.328500, 2.000000
346.0, 0.000000, 3.328500, 2.000000
346.5, 0.000000, 3.328500, 2.000000
347.0, 0.000000, 3.333500, 2.000000
347.5, 0.000000, 3.328500, 2.000000
348.0, 0.000000, 3.328500, 2.000000
348.5, 0.000000, 3.328500, 2.000000
349.0, 0.000000, 3.328500, 2.000000
349.5, 0.000000, 3.323500, 2.000000
350.0, 0.000000, 3.323500, 2.000000
350.5, 0.000000, 3.323500, 2.000000
351.0, 0.000000, 3.333500, 2.000000
351.5, 0.000000, 3.328500, 2.000000
352.0, 0.000000, 3.328500, 2.000000
352.5, 0.000000, 3.323500, 2.000000
353.0, 0.000000, 3.323500, 2.000000
353.5, 0.000000, 3.323500, 2.000000
354.0, 0.000000, 3.328500, 2.000000
354.5, 0.000000, 3.323500, 2.000000
355.0, 0.000000, 3.328500, 2.000000
355.5, 0.000000, 3.328500, 2.000000
356.0, 0.000000, 3.328500, 2.000000
356.5, 0.000000, 3.323500, 2.000000
357.0, 0.000000, 3.328500, 2.000000
357.5, 0.000000, 3.323500, 2.000000
358.0, 0.000000, 3.323500, 2.000000
358.5, 0.000000, 3.333500, 2.000000
359.0, 0.000000, 3.328500, 2.000000
359.5, 0.000000, 3.328500, 2.000000
360.0, 0.000000, 3.328500, 2.000000
360.5, 0.000000, 3.328500, 2.000000
361.0, 0.000000, 3.328500, 2.000000
361.5, 0.000000, 3.328500, 2.000000
362.0, 0.000000, 3.328500, 2.000000
362.5, 0.000000, 3.323500, 2.000000
363.0, 0.000000, 3.328500, 2.000000
363.5, 0.000000, 3.328500, 2.000000
364.0, 0.000000, 3.328500, 2.000000
364.5, 0.000000, 3.333500, 2.000000
365.0, 0.000000, 3.323500, 2.000000
365.5, 0.000000, 3.323500, 2.000000
366.0, 0.000000, 3.323500, 2.000000
366.5, 0.000000, 3.333500, 2.000000
367.0, 0.000000, 3.328500, 2.000000
367.5, 0.000000, 3.323500, 2.000000
368.0, 0.000000, 3.328500, 2.000000
368.5, 0.000000, 3.333500, 2.000000
369.0, 0.000000, 3.328500, 2.000000
369.5, 0.000000, 3.328500, 2.000000
370.0, 0.000000, 3.328500, 2.000000
370.5, 0.000000, 3.328500, 2.000000
371.0, 0.000000, 3.328500, 2.000000
371.5, 0.000000, 3.328500, 2.000000
372.0, 0.000000, 3.328500, 2.000000
372.5, 0.000000, 3.333500, 2.000000
373.0, 0.000000, 3.328500, 2.000000
373.5, 0.000000, 3.328500, 2.000000
374.0, 0.000000, 3.328500, 2.000000
374.5, 0.000000, 3.328500, 2.000000
375.0, 0.000000, 3.328500, 2.000000
375.5, 0.000000, 3.323500, 2.000000
376.0, 0.000000, 3.333500, 2.000000
376.5, 0.000000, 3.328500, 2.000000
377.0, 0.000000, 3.328500, 2.000000
377.5, 0.000000, 3.328500, 2.000000
378.0, 0.000000, 3.323500, 2.000000
378.5, 0.000000, 3.323500, 2.000000
379.0, 0.000000, 3.328500, 2.000000
379.5, 0.000000, 3.328500, 2.000000
380.0, 0.000000, 3.328500, 2.000000
380.5, 0.000000, 3.323500, 2.000000
381.0, 0.000000, 3.328500, 2.000000
381.5, 0.000000, 3.323500, 2.000000
382.0, 0.000000, 3.328500, 2.000000
382.5, 0.000000, 3.328500, 2.000000
383.0, 0.000000, 3.323500, 2.000000
383.5, 0.000000, 3.323500, 2.000000
384.0, 0.000000, 3.323500, 2.000000
384.5, 0.000000, 3.328500, 2.000000
385.0, 0.000000, 3.323500, 2.000000
385.5, 0.000000, 3.328500, 2.000000
386.0, 0.000000, 3.328500, 2.000000
386.5, 0.000000, 3.323500, 2.000000
387.0, 0.000000, 3.333500, 2.000000
387.5, 0.000000, 3.323500, 2.000000
388.0, 0.000000, 3.328500, 2.000000
388.5, 0.000000, 3.328500, 2.000000
389.0, 0.000000, 3.328500, 2.000000
389.5, 0.000000, 3.328500, 2.000000
390.0, 0.000000, 3.333500, 2.000000
390.5, 0.000000, 3.328500, 2.000000
391.0, 0.000000, 3.323500, 2.000000
391.5, 0.000000, 3.328500, 2.000000
392.0, 0.000000, 3.323500, 2.000000
392.5, 0.000000, 3.328500, 2.000000
393.0, 0.000000, 3.328500, 2.000000
393.5, 0.000000, 3.328500, 2.000000
394.0, 0.000000, 3.328500, 2.000000
394.5, 0.000000, 3.328500, 2.000000
395.0, 0.000000, 3.328500, 2.000000
395.5, 0.000000, 3.328500, 2.000000
396.0, 0.000000, 3.328500, 2.000000
396.5, 0.000000, 3.328500, 2.000000
397.0, 0.000000, 3.328500, 2.000000
397.5, 0.000000, 3.333500, 2.000000
398.0, 0.000000, 3.323500, 2.000000
398.5, 0.000000, 3.328500, 2.000000
399.0, 0.000000, 3.333500, 2.000000
399.5, 0.000000, 3.328500, 2.000000
400.0, 0.000000, 3.328500, 2.000000
400.5, 0.000000, 3.328500, 2.000000
401.0, 0.000000, 3.328500, 2.000000
401.5, 0.000000, 3.328500, 2.000000
402.0, 0.000000, 3.333500, 2.000000
402.5, 0.000000, 3.328500, 2.000000
403.0, 0.000000, 3.328500, 2.000000
403.5, 0.000000, 3.318500, 2.000000
404.0, 0.000000, 3.328500, 2.000000
404.5, 0.000000, 3.333500, 2.000000
405.0, 0.000000, 3.328500, 2.000000
405.5, 0.000000, 3.328500, 2.000000
406.0, 0.000000, 3.318500, 2.000000
406.5, 0.000000, 3.333500, 2.000000
407.0, 0.000000, 3.328500, 2.000000
407.5, 0.000000, 3.328500, 2.000000
408.0, 0.000000, 3.323500, 2.000000
408.5, 0.000000, 3.323500, 2.000000
409.0, 0.000000, 3.328500, 2.000000
409.5, 0.000000, 3.328500, 2.000000
410.0, 0.000000, 3.323500, 2.000000
410.5, 0.000000, 3.328500, 2.000000
411.0, 0.000000, 3.323500, 2.000000
411.5, 0.000000, 3.323500, 2.000000
412.0, 0.000000, 3.328500, 2.000000
412.5, 0.000000, 3.328500, 2.000000
413.0, 0.000000, 3.328500, 2.000000
413.5, 0.000000, 3.328500, 2.000000
414.0, 0.000000, 3.328500, 2.000000
414.5, 0.000000, 3.323500, 2.000000
415.0, 0.000000, 3.328500, 2.000000
415.5, 0.000000, 3.328500, 2.000000
416.0, 0.000000, 3.328500, 2.000000
416.5, 0.000000, 3.328500, 2.000000
417.0, 0.000000, 3.328500, 2.000000
417.5, 0.000000, 3.328500, 2.000000
418.0, 0.000000, 3.328500, 2.000000
418.5, 0.000000, 3.328500, 2.000000
419.0, 0.000000, 3.328500, 2.000000
419.5, 0.000000, 3.328500, 2.000000
420.0, 0.000000, 3.328500, 2.000000
420.5, 0.000000, 3.323500, 2.000000
421.0, 0.000000, 3.328500, 2.000000
421.5, 0.000000, 3.328500, 2.000000
422.0, 0.000000, 3.328500, 2.000000
422.5, 0.000000, 3.328500, 2.000000
423.0, 0.000000, 3.323500, 2.000000
423.5, 0.000000, 3.333500, 2.000000
424.0, 0.000000, 3.323500, 2.000000
424.5, 0.000000, 3.328500, 2.000000
425.0, 0.000000, 3.328500, 2.000000
425.5, 0.000000, 3.328500, 2.000000
426.0, 0.000000, 3.333500, 2.000000
426.5, 0.000000, 3.328500, 2.000000
427.0, 0.000000, 3.328500, 2.000000
427.5, 0.000000, 3.318500, 2.000000
428.0, 0.000000, 3.328500, 2.000000
428.5, 0.000000, 3.328500, 2.000000
429.0, 0.000000, 3.328500, 2.000000
429.5, 0.000000, 3.333500, 2.000000
430.0, 0.000000, 3.328500, 2.000000
430.5, 0.000000, 3.328500, 2.000000
431.0, 0.000000, 3.328500, 2.000000
431.5, 0.000000, 3.328500, 2.000000
432.0, 0.000000, 3.328500, 2.000000
432.5, 0.000000, 3.323500, 2.000000
433.0, 0.000000, 3.323500, 2.000000
433.5, 0.000000, 3.328500, 2.000000
434.0, 0.000000, 3.328500, 2.000000
434.5, 0.000000, 3.328500, 2.000000
435.0, 0.000000, 3.328500, 2.000000
435.5, 0.000000, 3.328500, 2.000000
436.0, 0.000000, 3.328500, 2.000000
436.5, 0.000000, 3.328500, 2.000000
437.0, 0.000000, 3.328500, 2.000000
437.5, 0.000000, 3.328500, 2.000000
438.0, 0.000000, 3.323500, 2.000000
438.5, 0.000000, 3.328500, 2.000000
439.0, 0.000000, 3.328500, 2.000000
439.5, 0.000000, 3.328500, 2.000000
440.0, 0.000000, 3.323500, 2.000000
440.5, 0.000000, 3.323500, 2.000000
441.0, 0.000000, 3.328500, 2.000000
441.5, 0.000000, 3.328500, 2.000000
442.0, 0.000000, 3.318500, 2.000000
442.5, 0.000000, 3.323500, 2.000000
443.0, 0.000000, 3.328500, 2.000000
443.5, 0.000000, 3.328500, 2.000000
444.0, 0.000000, 3.323500, 2.000000
444.5, 0.000000, 3.333500, 2.000000
445.0, 0.000000, 3.328500, 2.000000
445.5, 0.000000, 3.323500, 2.000000
446.0, 0.000000, 3.328500, 2.000000
446.5, 0.000000, 3.328500, 2.000000
447.0, 0.000000, 3.328500, 2.000000
447.5, 0.000000, 3.323500, 2.000000
448.0, 0.000000, 3.328500, 2.000000
448.5, 0.000000, 3.328500, 2.000000
449.0, 0.000000, 3.328500, 2.000000
449.5, 0.000000, 3.328500, 2.000000
450.0, 0.000000, 3.323500, 0.000000
450.5, 0.000000, 3.328500, 0.000000
451.0, 0.000000, 3.333500, 0.000000
451.5, 0.000000, 3.328500, 0.000000
452.0, 0.000000, 3.328500, 0.000000
452.5, 0.000000, 3.328500, 0.000000
453.0, 0.000000, 3.323500, 0.000000
453.5, 0.000000, 3.328500, 0.000000
454.0, 0.000000, 3.328500, 0.000000
454.5, 0.000000, 3.328500, 0.000000
455.0, 0.000000, 3.328500, 0.000000
455.5, 0.000000, 3.328500, 0.000000
456.0, 0.000000, 3.323500, 0.000000
456.5, 0.000000, 3.328500, 0.000000
457.0, 0.000000, 3.328500, 0.000000
457.5, 0.000000, 3.328500, 0.000000
458.0, 0.000000, 3.333500, 0.000000
458.5, 0.000000, 3.328500, 0.000000
459.0, 0.000000, 3.328500, 0.000000
459.5, 0.000000, 3.333500, 0.000000
460.0, 0.000000, 3.328500, 0.000000
460.5, 0.000000, 3.323500, 0.000000
461.0, 0.000000, 3.323500, 0.000000
461.5, 0.000000, 3.328500, 0.000000
462.0, 0.000000, 3.328500, 0.000000
462.5, 0.000000, 3.323500, 0.000000
463.0, 0.000000, 3.323500, 0.000000
463.5, 0.000000, 3.328500, 0.000000
464.0, 0.000000, 3.323500, 0.000000
464.5, 0.000000, 3.328500, 0.000000
465.0, 0.000000, 3.328500, 0.000000
465.5, 0.000000, 3.328500, 0.000000
466.0, 0.000000, 3.328500, 0.000000
466.5, 0.000000, 3.328500, 0.000000
467.0, 0.000000, 3.323500, 0.000000
467.5, 0.000000, 3.328500, 0.000000
468.0, 0.000000, 3.328500, 0.000000
468.5, 0.000000, 3.328500, 0.000000
469.0, 0.000000, 3.328500, 0.000000
469.5, 0.000000, 3.328500, 0.000000
470.0, 0.000000, 3.328500, 0.000000
470.5, 0.000000, 3.328500, 0.000000
471.0, 0.000000, 3.328500, 0.000000
471.5, 0.000000, 3.323500, 0.000000
472.0, 0.000000, 3.333500, 0.000000
472.5, 0.000000, 3.323500, 0.000000
473.0, 0.000000, 3.323500, 0.000000
473.5, 0.000000, 3.333500, 0.000000
474.0, 0.000000, 3.328500, 0.000000
474.5, 0.000000, 3.328500, 0.000000
475.0, 0.000000, 3.328500, 0.000000
475.5, 0.000000, 3.328500, 0.000000
476.0, 0.000000, 3.323500, 0.000000
476.5, 0.000000, 3.328500, 0.000000
477.0, 0.000000, 3.333500, 0.000000
477.5, 0.000000, 3.328500, 0.000000
478.0, 0.000000, 3.328500, 0.000000
478.5, 0.000000, 3.328500, 0.000000
479.0, 0.000000, 3.333500, 0.000000
479.5, 0.000000, 3.328500, 0.000000
480.0, 0.000000, 3.328500, 0.000000
480.5, 0.000000, 3.323500, 0.000000
481.0, 0.000000, 3.328500, 0.000000
481.5, 0.000000, 3.328500, 0.000000
482.0, 0.000000, 3.333500, 0.000000
482.5, 0.000000, 3.328500, 0.000000
483.0, 0.000000, 3.328500, 0.000000
483.5, 0.000000, 3.328500, 0.000000
484.0, 0.000000, 3.328500, 0.000000
484.5, 0.000000, 3.328500, 0.000000
485.0, 0.000000, 3.328500, 0.000000
485.5, 0.000000, 3.333500, 0.000000
486.0, 0.000000, 3.328500, 0.000000
486.5, 0.000000, 3.328500, 0.000000
487.0, 0.000000, 3.328500, 0.000000
487.5, 0.000000, 3.323500, 0.000000
488.0, 0.000000, 3.333500, 0.000000
488.5, 0.000000, 3.323500, 0.000000
489.0, 0.000000, 3.328500, 0.000000
489.5, 0.000000, 3.328500, 0.000000
490.0, 0.000000, 3.333500, 0.000000
490.5, 0.000000, 3.328500, 0.000000
491.0, 0.000000, 3.328500, 0.000000
491.5, 0.000000, 3.328500, 0.000000
492.0, 0.000000, 3.328500, 0.000000
492.5, 0.000000, 3.328500, 0.000000
493.0, 0.000000, 3.323500, 0.000000
493.5, 0.000000, 3.328500, 0.000000
494.0, 0.000000, 3.318500, 0.000000
494.5, 0.000000, 3.328500, 0.000000
495.0, 0.000000, 3.328500, 0.000000
495.5, 0.000000, 3.328500, 0.000000
496.0, 0.000000, 3.328500, 0.000000
496.5, 0.000000, 3.328500, 0.000000
497.0, 0.000000, 3.323500, 0.000000
497.5, 0.000000, 3.328500, 0.000000
498.0, 0.000000, 3.328500, 0.000000
498.5, 0.000000, 3.328500, 0.000000
499.0, 0.000000, 3.328500, 0.000000
499.5, 0.000000, 3.328500, 0.000000
500.0, 0.000000, 3.328500, 0.000000
500.5, 0.000000, 3.328500, 0.000000
501.0, 0.000000, 3.333500, 0.000000
501.5, 0.000000, 3.328500, 0.000000
502.0, 0.000000, 3.328500, 0.000000
502.5, 0.000000, 3.328500, 0.000000
503.0, 0.000000, 3.328500, 0.000000
503.5, 0.000000, 3.328500, 0.000000
504.0, 0.000000, 3.328500, 0.000000
504.5, 0.000000, 3.328500, 0.000000
505.0, 0.000000, 3.323500, 0.000000
505.5, 0.000000, 3.328500, 0.000000
506.0, 0.000000, 3.333500, 0.000000
506.5, 0.000000, 3.328500, 0.000000
507.0, 0.000000, 3.328500, 0.000000
507.5, 0.000000, 3.328500, 0.000000
508.0, 0.000000, 3.328500, 0.000000
508.5, 0.000000, 3.328500, 0.000000
509.0, 0.000000, 3.328500, 0.000000
509.5, 0.000000, 3.328500, 0.000000
510.0, 0.000000, 3.328500, 0.000000
510.5, 0.000000, 3.328500, 0.000000
511.0, 0.000000, 3.328500, 0.000000
511.5, 0.000000, 3.328500, 0.000000
512.0, 0.000000, 3.323500, 0.000000
512.5, 0.000000, 3.328500, 0.000000
513.0, 0.000000, 3.328500, 0.000000
513.5, 0.000000, 3.328500, 0.000000
514.0, 0.000000, 3.328500, 0.000000
514.5, 0.000000, 3.323500, 0.000000
515.0, 0.000000, 3.328500, 0.000000
515.5, 0.000000, 3.323500, 0.000000
516.0, 0.000000, 3.333500, 0.000000
516.5, 0.000000, 3.328500, 0.040000
517.0, 0.000000, 3.328500, 4.000000
517.5, 0.000000, 3.284500, 4.000000
518.0, 0.000000, 3.284500, 4.000000
518.5, 0.000000, 3.284500, 4.000000
519.0, 0.000000, 3.284500, 4.000000
519.5, 0.000000, 3.284500, 4.000000
520.0, 0.000000, 3.274500, 4.000000
520.5, 0.000000, 3.289500, 4.000000
521.0, 0.000000, 3.284500, 4.000000
521.5, 0.000000, 3.284500, 4.000000
522.0, 0.000000, 3.284500, 4.000000
522.5, 0.000000, 3.289500, 4.000000
523.0, 4.355000, 3.284500, 4.000000
523.5, 4.482000, 3.289500, 4.000000
524.0, 4.477000, 3.279500, 4.000000
524.5, 4.482000, 3.289500, 4.000000
525.0, 4.482000, 3.289500, 4.000000
525.5, 4.477000, 1.925500, 4.000000
526.0, 4.482000, 0.000000, 4.000000
526.5, 4.477000, 0.000000, 4.000000
527.0, 4.482000, 0.000000, 4.000000
527.5, 4.482000, 0.000000, 4.000000
528.0, 4.477000, 0.000000, 4.000000
528.5, 4.477000, 0.000000, 4.000000
529.0, 4.477000, 0.000000, 4.000000
529.5, 4.477000, 0.000000, 4.000000
530.0, 4.482000, 0.000000, 4.000000
530.5, 4.477000, 0.000000, 4.000000
531.0, 4.482000, 0.000000, 4.000000
531.5, 4.477000, 0.000000, 4.000000
532.0, 4.477000, 0.000000, 4.000000
532.5, 4.477000, 0.000000, 4.000000
533.0, 4.477000, 0.000000, 4.000000
533.5, 4.482000, 0.000000, 4.000000
534.0, 4.482000, 0.000000, 4.000000
534.5, 4.477000, 0.000000, 4.000000
535.0, 4.477000, 0.000000, 4.000000
535.5, 4.482000, 0.000000, 4.000000
536.0, 4.482000, 0.000000, 4.000000
536.5, 4.482000, 0.000000, 4.000000
537.0, 4.477000, 0.000000, 4.000000
537.5, 4.491500, 0.000000, 4.000000
538.0, 4.477000, 0.000000, 4.000000
538.5, 4.467500, 0.000000, 4.000000
539.0, 4.477000, 0.000000, 4.000000
539.5, 4.477000, 0.000000, 4.000000
540.0, 4.482000, 0.000000, 4.000000
540.5, 4.477000, 0.000000, 4.000000
541.0, 4.482000, 0.000000, 4.000000
541.5, 4.482000, 0.000000, 4.000000
542.0, 4.477000, 0.000000, 4.000000
542.5, 4.477000, 0.000000, 4.000000
543.0, 4.482000, 0.000000, 4.000000
543.5, 4.482000, 0.000000, 4.000000
544.0, 4.477000, 0.000000, 4.000000
544.5, 4.482000, 0.000000, 4.000000
545.0, 4.482000, 0.000000, 4.000000
545.5, 4.477000, 0.000000, 4.000000
546.0, 4.482000, 0.000000, 4.000000
546.5, 4.482000, 0.000000, 4.000000
547.0, 4.482000, 0.000000, 4.000000
547.5, 4.477000, 0.000000, 4.000000
548.0, 4.482000, 0.000000, 4.000000
548.5, 4.477000, 0.000000, 4.000000
549.0, 4.477000, 0.000000, 4.000000
549.5, 4.477000, 0.000000, 4.000000
550.0, 4.477000, 0.000000, 4.000000
550.5, 4.477000, 0.000000, 4.000000
551.0, 4.477000, 0.000000, 4.000000
551.5, 4.477000, 0.000000, 4.000000
552.0, 4.482000, 0.000000, 4.000000
552.5, 4.477000, 0.000000, 4.000000
553.0, 4.477000, 0.000000, 4.000000
553.5, 4.477000, 0.000000, 4.000000
554.0, 4.477000, 0.000000, 4.000000
554.5, 4.482000, 0.000000, 4.000000
555.0, 4.477000, 0.000000, 4.000000
555.5, 4.477000, 0.000000, 4.000000
556.0, 4.477000, 0.000000, 4.000000
556.5, 4.482000, 0.000000, 4.000000
557.0, 4.477000, 0.000000, 4.000000
557.5, 4.482000, 0.000000, 4.000000
558.0, 4.467500, 0.000000, 4.000000
558.5, 4.477000, 0.000000, 4.000000
559.0, 4.482000, 0.000000, 4.000000
559.5, 4.482000, 0.000000, 4.000000
560.0, 4.477000, 0.000000, 4.000000
560.5, 4.477000, 0.000000, 4.000000
561.0, 4.477000, 0.000000, 4.000000
561.5, 4.477000, 0.000000, 4.000000
562.0, 4.477000, 0.000000, 4.000000
562.5, 4.477000, 0.000000, 4.000000
563.0, 4.482000, 0.000000, 4.000000
563.5, 4.477000, 0.000000, 4.000000
564.0, 4.477000, 0.000000, 4.000000
564.5, 4.477000, 0.000000, 4.000000
565.0, 4.477000, 0.000000, 4.000000
565.5, 4.482000, 0.000000, 4.000000
566.0, 4.482000, 0.000000, 4.000000
566.5, 4.477000, 0.000000, 4.000000
567.0, 4.477000, 0.000000, 4.000000
567.5, 4.482000, 0.000000, 4.000000
568.0, 4.477000, 0.000000, 4.000000
568.5, 4.477000, 0.000000, 4.000000
569.0, 4.477000, 0.000000, 4.000000
569.5, 4.477000, 0.000000, 4.000000
570.0, 4.477000, 0.000000, 4.000000
570.5, 4.477000, 0.000000, 4.000000
571.0, 4.477000, 0.000000, 4.000000
571.5, 4.477000, 0.000000, 4.000000
572.0, 4.477000, 0.000000, 4.000000
572.5, 4.477000, 0.000000, 4.000000
573.0, 4.477000, 0.000000, 4.000000
573.5, 4.487000, 0.000000, 4.000000
574.0, 4.477000, 0.000000, 4.000000
574.5, 4.477000, 0.000000, 4.000000
575.0, 4.482000, 0.000000, 4.000000
575.5, 4.477000, 0.000000, 4.000000
576.0, 4.477000, 0.000000, 4.000000
576.5, 4.482000, 0.000000, 4.000000
577.0, 4.482000, 0.000000, 4.000000
577.5, 4.477000, 0.000000, 4.000000
578.0, 4.477000, 0.000000, 4.000000
578.5, 4.482000, 0.000000, 4.000000
579.0, 4.482000, 0.000000, 4.000000
579.5, 4.477000, 0.000000, 4.000000
580.0, 4.467500, 0.000000, 4.000000
580.5, 4.477000, 0.000000, 4.000000
581.0, 4.482000, 0.000000, 4.000000
581.5, 4.477000, 0.000000, 4.000000
582.0, 4.477000, 0.000000, 4.000000
582.5, 4.477000, 0.000000, 4.000000
583.0, 4.477000, 0.000000, 4.000000
583.5, 4.482000, 0.000000, 4.000000
584.0, 4.482000, 0.000000, 4.000000
584.5, 4.477000, 0.000000, 4.000000
585.0, 4.487000, 0.000000, 4.000000
585.5, 4.477000, 0.000000, 4.000000
586.0, 4.482000, 0.000000, 4.000000
586.5, 4.477000, 0.000000, 4.000000
587.0, 4.482000, 0.000000, 4.000000
587.5, 4.477000, 0.000000, 4.000000
588.0, 4.477000, 0.000000, 4.000000
588.5, 4.477000, 0.000000, 4.000000
589.0, 4.477000, 0.000000, 4.000000
589.5, 4.477000, 0.000000, 4.000000
590.0, 4.477000, 0.000000, 4.000000
590.5, 4.482000, 0.000000, 4.000000
591.0, 4.482000, 0.000000, 4.000000
591.5, 4.477000, 0.000000, 4.000000
592.0, 4.482000, 0.000000, 4.000000
592.5, 4.482000, 0.000000, 4.000000
593.0, 4.482000, 0.000000, 4.000000
593.5, 4.477000, 0.000000, 4.000000
594.0, 4.482000, 0.000000, 4.000000
594.5, 4.477000, 0.000000, 4.000000
595.0, 4.477000, 0.000000, 4.000000
595.5, 4.477000, 0.000000, 4.000000
596.0, 4.477000, 0.000000, 4.000000
596.5, 4.482000, 0.000000, 4.000000
597.0, 4.472000, 0.000000, 4.000000
597.5, 4.477000, 0.000000, 4.000000
598.0, 4.477000, 0.000000, 4.000000
598.5, 4.482000, 0.000000, 4.000000
599.0, 4.477000, 0.000000, 4.000000
599.5, 4.477000, 0.000000, 4.000000
600.0, 4.482000, 0.000000, 4.000000
600.5, 4.477000, 0.000000, 4.000000
601.0, 4.482000, 0.000000, 4.000000
601.5, 4.477000, 0.000000, 4.000000
602.0, 4.482000, 0.000000, 4.000000
602.5, 4.477000, 0.000000, 4.000000
603.0, 4.477000, 0.000000, 4.000000
603.5, 4.477000, 0.000000, 4.000000
604.0, 4.477000, 0.000000, 4.000000
604.5, 4.482000, 0.000000, 4.000000
605.0, 4.477000, 0.000000, 4.000000
605.5, 4.477000, 0.000000, 4.000000
606.0, 4.477000, 0.000000, 4.000000
606.5, 4.477000, 0.000000, 4.000000
607.0, 4.482000, 0.000000, 4.000000
607.5, 4.482000, 0.000000, 4.000000
608.0, 4.477000, 0.000000, 4.000000
608.5, 4.477000, 0.000000, 4.000000
609.0, 4.482000, 0.000000, 4.000000
609.5, 4.482000, 0.000000, 4.000000
610.0, 4.467500, 0.000000, 4.000000
610.5, 4.477000, 0.000000, 4.000000
611.0, 4.482000, 0.000000, 4.000000
611.5, 4.477000, 0.000000, 4.000000
612.0, 0.000000, 0.000000, 4.000000
612.5, 0.000000, 0.000000, 4.000000
613.0, 0.000000, 0.000000, 4.000000
613.5, 0.000000, 0.000000, 4.000000
614.0, 0.000000, 0.000000, 4.000000
614.5, 0.000000, 0.000000, 4.000000
615.0, 0.000000, 0.000000, 4.000000
615.5, 0.000000, 0.000000, 4.000000
616.0, 0.000000, 2.874000, 4.000000
616.5, 0.000000, 0.000000, 4.000000
617.0, 0.000000, 5.000000, 4.000000
617.5, 0.000000, 5.000000, 4.000000
618.0, 0.000000, 5.000000, 4.000000
618.5, 0.000000, 5.000000, 4.000000
619.0, 0.000000, 5.000000, 4.000000
619.5, 0.000000, 5.000000, 4.000000
620.0, 0.000000, 5.000000, 4.000000
620.5, 0.000000, 5.000000, 4.000000
621.0, 0.000000, 5.000000, 4.000000
621.5, 0.000000, 5.000000, 4.000000
622.0, 0.000000, 5.000000, 4.000000
622.5, 0.000000, 5.000000, 4.000000
623.0, 0.000000, 5.000000, 4.000000
623.5, 0.000000, 5.000000, 4.000000
624.0, 0.000000, 5.000000, 4.000000
624.5, 0.000000, 5.000000, 4.000000
625.0, 0.000000, 5.000000, 4.000000
625.5, 0.000000, 5.000000, 4.000000
626.0, 0.000000, 5.000000, 4.000000
626.5, 0.000000, 5.000000, 4.000000
627.0, 0.000000, 5.000000, 4.000000
627.5, 0.000000, 5.000000, 4.000000
628.0, 0.000000, 5.000000, 4.000000
628.5, 0.000000, 5.000000, 4.000000
629.0, 0.000000, 5.000000, 4.000000
629.5, 0.000000, 5.000000, 4.000000
630.0, 0.000000, 5.000000, 4.000000
630.5, 0.000000, 5.000000, 4.000000
631.0, 0.000000, 5.000000, 4.000000
631.5, 0.000000, 5.000000, 4.000000
632.0, 0.000000, 5.000000, 4.000000
632.5, 0.000000, 5.000000, 4.000000
633.0, 0.000000, 5.000000, 4.000000
633.5, 0.000000, 5.000000, 4.000000
634.0, 0.000000, 5.000000, 4.000000
634.5, 0.000000, 5.000000, 4.000000
635.0, 0.000000, 5.000000, 4.000000
635.5, 0.000000, 5.000000, 4.000000
636.0, 0.000000, 5.000000, 4.000000
636.5, 0.000000, 5.000000, 4.000000
637.0, 0.000000, 5.000000, 4.000000
637.5, 0.000000, 5.000000, 4.000000
638.0, 0.000000, 5.000000, 4.000000
638.5, 5.000000, 5.000000, 4.000000
639.0, 5.000000, 5.000000, 4.000000
639.5, 3.333500, 5.000000, 4.000000
640.0, 3.328500, 5.000000, 4.000000
640.5, 3.328500, 5.000000, 4.000000
641.0, 3.328500, 5.000000, 4.000000
641.5, 3.328500, 5.000000, 4.000000
642.0, 3.328500, 5.000000, 4.000000
642.5, 3.328500, 5.000000, 4.000000
643.0, 3.328500, 5.000000, 4.000000
643.5, 3.333500, 5.000000, 4.000000
644.0, 3.328500, 5.000000, 4.000000
644.5, 3.328500, 5.000000, 4.000000
645.0, 3.328500, 5.000000, 4.000000
645.5, 3.333500, 5.000000, 4.000000
646.0, 3.328500, 5.000000, 4.000000
646.5, 3.328500, 5.000000, 4.000000
647.0, 3.328500, 5.000000, 4.000000
647.5, 3.323500, 5.000000, 4.000000
648.0, 3.328500, 5.000000, 4.000000
648.5, 3.333500, 5.000000, 4.000000
649.0, 3.328500, 5.000000, 3.000000
649.5, 3.328500, 5.000000, 3.000000
650.0, 3.333500, 5.000000, 3.000000
650.5, 3.328500, 5.000000, 3.000000
651.0, 3.333500, 5.000000, 3.000000
651.5, 3.328500, 5.000000, 3.000000
652.0, 3.328500, 5.000000, 3.000000
652.5, 3.328500, 5.000000, 3.000000
653.0, 3.328500, 5.000000, 3.000000
653.5, 3.328500, 5.000000, 3.000000
654.0, 3.328500, 5.000000, 3.000000
654.5, 3.328500, 5.000000, 3.000000
655.0, 3.333500, 5.000000, 3.000000
655.5, 3.328500, 5.000000, 3.000000
656.0, 3.328500, 5.000000, 3.000000
656.5, 3.333500, 5.000000, 3.000000
657.0, 3.328500, 5.000000, 3.000000
657.5, 3.328500, 5.000000, 3.000000
658.0, 3.323500, 5.000000, 3.000000
658.5, 3.328500, 5.000000, 3.000000
659.0, 3.328500, 5.000000, 3.000000
659.5, 3.328500, 5.000000, 3.000000
660.0, 3.333500, 5.000000, 3.000000
660.5, 3.333500, 5.000000, 3.000000
661.0, 3.333500, 5.000000, 3.000000
661.5, 3.333500, 5.000000, 3.000000
662.0, 3.328500, 5.000000, 3.000000
662.5, 3.328500, 5.000000, 3.000000
663.0, 3.333500, 4.995000, 3.000000
663.5, 3.328500, 5.000000, 3.000000
664.0, 3.328500, 5.000000, 3.000000
664.5, 3.328500, 5.000000, 3.000000
665.0, 3.328500, 5.000000, 3.000000
665.5, 3.328500, 5.000000, 3.000000
666.0, 3.328500, 5.000000, 3.000000
666.5, 3.328500, 5.000000, 3.000000
667.0, 3.328500, 5.000000, 3.000000
667.5, 3.328500, 5.000000, 3.000000
668.0, 3.328500, 5.000000, 3.000000
668.5, 3.328500, 5.000000, 3.000000
669.0, 3.328500, 5.000000, 3.000000
669.5, 3.328500, 5.000000, 3.000000
670.0, 3.328500, 5.000000, 3.000000
670.5, 3.328500, 5.000000, 3.000000
671.0, 3.328500, 5.000000, 3.000000
671.5, 3.328500, 5.000000, 3.000000
672.0, 3.318500, 5.000000, 3.000000
672.5, 3.328500, 5.000000, 3.000000
673.0, 3.333500, 5.000000, 3.000000
673.5, 3.328500, 5.000000, 3.000000
674.0, 3.333500, 5.000000, 3.000000
674.5, 3.328500, 5.000000, 3.000000
675.0, 3.328500, 5.000000, 3.000000
675.5, 3.328500, 5.000000, 3.000000
676.0, 3.328500, 5.000000, 3.000000
676.5, 3.328500, 5.000000, 3.000000
677.0, 3.328500, 5.000000, 3.000000
677.5, 3.328500, 5.000000, 3.000000
678.0, 3.333500, 5.000000, 3.000000
678.5, 3.323500, 5.000000, 3.000000
679.0, 3.328500, 5.000000, 3.000000
679.5, 3.328500, 5.000000, 3.000000
680.0, 3.328500, 5.000000, 3.000000
680.5, 3.333500, 5.000000, 3.000000
681.0, 3.328500, 5.000000, 3.000000
681.5, 3.328500, 5.000000, 3.000000
682.0, 3.333500, 5.000000, 3.000000
682.5, 3.333500, 5.000000, 3.000000
683.0, 3.328500, 5.000000, 3.000000
683.5, 3.328500, 5.000000, 3.000000
684.0, 3.328500, 5.000000, 3.000000
684.5, 3.328500, 5.000000, 3.000000
685.0, 3.328500, 5.000000, 3.000000
685.5, 3.333500, 5.000000, 3.000000
686.0, 3.328500, 5.000000, 3.000000
686.5, 3.328500, 5.000000, 3.000000
687.0, 3.333500, 5.000000, 3.000000
687.5, 3.333500, 5.000000, 3.000000
688.0, 3.323500, 5.000000, 3.000000
688.5, 3.333500, 5.000000, 3.000000
689.0, 3.328500, 5.000000, 3.000000
689.5, 3.328500, 5.000000, 3.000000
690.0, 3.328500, 5.000000, 3.000000
690.5, 3.328500, 5.000000, 3.000000
691.0, 3.328500, 5.000000, 3.000000
691.5, 3.328500, 5.000000, 3.000000
692.0, 3.328500, 5.000000, 3.000000
692.5, 3.328500, 5.000000, 3.000000
693.0, 3.333500, 5.000000, 3.000000
693.5, 3.328500, 5.000000, 3.000000
694.0, 3.338000, 5.000000, 3.000000
694.5, 3.323500, 5.000000, 3.000000
695.0, 3.328500, 5.000000, 3.000000
695.5, 3.328500, 5.000000, 3.000000
696.0, 3.328500, 5.000000, 3.000000
696.5, 3.323500, 5.000000, 3.000000
697.0, 3.328500, 5.000000, 3.000000
697.5, 3.333500, 5.000000, 3.000000
698.0, 3.323500, 5.000000, 3.000000
698.5, 3.328500, 5.000000, 3.000000
699.0, 3.328500, 5.000000, 3.000000
699.5, 3.328500, 5.000000, 3.000000
700.0, 3.328500, 5.000000, 3.000000
700.5, 3.333500, 5.000000, 3.000000
701.0, 3.328500, 5.000000, 3.000000
701.5, 3.328500, 5.000000, 3.000000
702.0, 3.328500, 5.000000, 3.000000
702.5, 3.328500, 5.000000, 3.000000
703.0, 3.328500, 5.000000, 3.000000
703.5, 3.328500, 5.000000, 3.000000
704.0, 3.328500, 5.000000, 3.000000
704.5, 3.328500, 5.000000, 3.000000
705.0, 3.328500, 5.000000, 3.000000
705.5, 3.328500, 5.000000, 3.000000
706.0, 3.328500, 5.000000, 3.000000
706.5, 3.333500, 5.000000, 3.000000
707.0, 3.328500, 5.000000, 3.000000
707.5, 3.328500, 5.000000, 3.000000
708.0, 3.328500, 5.000000, 3.000000
708.5, 3.328500, 5.000000, 3.000000
709.0, 3.333500, 5.000000, 3.000000
709.5, 3.333500, 5.000000, 3.000000
710.0, 3.328500, 5.000000, 3.000000
710.5, 3.328500, 5.000000, 3.000000
711.0, 3.333500, 5.000000, 3.000000
711.5, 3.333500, 5.000000, 3.000000
712.0, 3.328500, 5.000000, 3.000000
712.5, 3.333500, 5.000000, 3.000000
713.0, 3.328500, 5.000000, 3.000000
713.5, 3.328500, 5.000000, 3.000000
714.0, 3.333500, 5.000000, 3.000000
714.5, 3.328500, 5.000000, 3.000000
715.0, 3.328500, 5.000000, 3.000000
715.5, 3.333500, 5.000000, 3.000000
716.0, 3.328500, 5.000000, 3.000000
716.5, 3.328500, 5.000000, 3.000000
717.0, 3.328500, 5.000000, 3.000000
717.5, 3.333500, 5.000000, 3.000000
718.0, 3.333500, 5.000000, 3.000000
718.5, 3.328500, 5.000000, 3.000000
719.0, 3.323500, 5.000000, 3.000000
719.5, 3.328500, 5.000000, 3.000000
720.0, 3.328500, 5.000000, 3.000000
720.5, 3.333500, 5.000000, 3.000000
721.0, 3.328500, 5.000000, 3.000000
721.5, 3.333500, 5.000000, 3.000000
722.0, 3.328500, 5.000000, 3.000000
722.5, 3.328500, 5.000000, 3.000000
723.0, 3.328500, 5.000000, 3.000000
723.5, 3.328500, 5.000000, 3.000000
724.0, 3.333500, 5.000000, 3.000000
724.5, 3.328500, 5.000000, 3.000000
725.0, 3.333500, 5.000000, 3.000000
725.5, 3.333500, 5.000000, 3.000000
726.0, 3.328500, 5.000000, 3.000000
726.5, 3.328500, 5.000000, 3.000000
727.0, 3.328500, 5.000000, 3.000000
727.5, 3.333500, 5.000000, 3.000000
728.0, 3.328500, 5.000000, 3.000000
728.5, 3.333500, 5.000000, 3.000000
729.0, 3.328500, 5.000000, 3.000000
729.5, 3.333500, 5.000000, 3.000000
730.0, 3.328500, 5.000000, 3.000000
730.5, 3.333500, 5.000000, 3.000000
731.0, 3.333500, 5.000000, 3.000000
731.5, 3.328500, 5.000000, 3.000000
732.0, 3.328500, 5.000000, 3.000000
732.5, 3.328500, 5.000000, 3.000000
733.0, 3.333500, 5.000000, 3.000000
733.5, 3.328500, 5.000000, 3.000000
734.0, 3.328500, 5.000000, 3.000000
734.5, 3.328500, 5.000000, 3.000000
735.0, 3.328500, 5.000000, 3.000000
735.5, 3.333500, 5.000000, 3.000000
736.0, 3.328500, 5.000000, 3.000000
736.5, 3.328500, 5.000000, 3.000000
737.0, 3.328500, 5.000000, 3.000000
737.5, 3.328500, 5.000000, 3.000000
738.0, 3.328500, 5.000000, 3.000000
738.5, 3.328500, 5.000000, 3.000000
739.0, 3.328500, 5.000000, 3.000000
739.5, 3.328500, 5.000000, 3.000000
740.0, 3.333500, 5.000000, 3.000000
740.5, 3.333500, 5.000000, 3.000000
741.0, 3.328500, 5.000000, 3.000000
741.5, 3.323500, 5.000000, 3.000000
742.0, 3.333500, 5.000000, 3.000000
742.5, 3.333500, 5.000000, 3.000000
743.0, 3.328500, 5.000000, 3.000000
743.5, 3.323500, 5.000000, 3.000000
744.0, 3.328500, 5.000000, 3.000000
744.5, 3.328500, 5.000000, 3.000000
745.0, 3.333500, 5.000000, 3.000000
745.5, 3.323500, 5.000000, 3.000000
746.0, 3.328500, 5.000000, 3.000000
746.5, 3.333500, 5.000000, 3.000000
747.0, 3.328500, 5.000000, 3.000000
747.5, 3.328500, 5.000000, 3.000000
748.0, 3.328500, 5.000000, 3.000000
748.5, 3.328500, 5.000000, 3.000000
749.0, 3.328500, 5.000000, 3.000000
749.5, 3.333500, 5.000000, 3.000000
750.0, 3.328500, 5.000000, 3.000000
750.5, 3.328500, 5.000000, 3.000000
751.0, 3.328500, 5.000000, 3.000000
751.5, 3.333500, 5.000000, 3.000000
752.0, 3.333500, 5.000000, 3.000000
752.5, 3.328500, 5.000000, 3.000000
753.0, 3.333500, 5.000000, 3.000000
753.5, 3.328500, 5.000000, 3.000000
754.0, 3.333500, 5.000000, 3.000000
754.5, 3.328500, 5.000000, 3.000000
755.0, 3.328500, 5.000000, 3.000000
755.5, 3.328500, 5.000000, 3.000000
756.0, 3.328500, 5.000000, 3.000000
756.5, 3.328500, 5.000000, 3.000000
757.0, 3.333500, 5.000000, 3.000000
757.5, 3.328500, 5.000000, 3.000000
758.0, 3.333500, 5.000000, 3.000000
758.5, 3.328500, 5.000000, 3.000000
759.0, 3.328500, 5.000000, 3.000000
759.5, 3.333500, 5.000000, 3.000000
760.0, 3.328500, 5.000000, 3.000000
760.5, 3.328500, 5.000000, 3.000000
761.0, 3.333500, 5.000000, 3.000000
761.5, 3.328500, 5.000000, 3.000000
762.0, 3.333500, 5.000000, 3.000000
762.5, 3.328500, 5.000000, 3.000000
763.0, 3.328500, 5.000000, 3.000000
763.5, 3.328500, 5.000000, 3.000000
764.0, 3.328500, 5.000000, 3.000000
764.5, 3.328500, 5.000000, 3.000000
765.0, 3.328500, 5.000000, 3.000000
765.5, 3.328500, 5.000000, 3.000000
766.0, 3.333500, 5.000000, 3.000000
766.5, 3.328500, 5.000000, 3.000000
767.0, 3.328500, 5.000000, 3.000000
767.5, 3.323500, 5.000000, 3.000000
768.0, 3.328500, 5.000000, 3.000000
768.5, 3.333500, 5.000000, 3.000000
769.0, 3.328500, 5.000000, 3.000000
769.5, 3.333500, 5.000000, 3.000000
770.0, 3.328500, 5.000000, 3.000000
770.5, 3.333500, 5.000000, 3.000000
771.0, 3.328500, 5.000000, 3.000000
771.5, 3.328500, 5.000000, 3.000000
772.0, 3.333500, 5.000000, 3.000000
772.5, 3.328500, 5.000000, 3.000000
773.0, 3.333500, 5.000000, 3.000000
773.5, 3.328500, 5.000000, 3.000000
774.0, 3.328500, 5.000000, 3.000000
774.5, 3.333500, 5.000000, 3.000000
775.0, 3.328500, 5.000000, 3.000000
775.5, 3.333500, 5.000000, 3.000000
776.0, 3.328500, 5.000000, 3.000000
776.5, 3.328500, 5.000000, 3.000000
777.0, 3.328500, 5.000000, 3.000000
777.5, 3.328500, 5.000000, 3.000000
778.0, 3.333500, 5.000000, 3.000000
778.5, 3.328500, 5.000000, 3.000000
779.0, 3.328500, 5.000000, 3.000000
779.5, 3.333500, 5.000000, 3.000000
780.0, 3.328500, 5.000000, 3.000000
780.5, 3.328500, 5.000000, 3.000000
781.0, 3.328500, 5.000000, 3.000000
781.5, 3.328500, 5.000000, 3.000000
782.0, 3.328500, 5.000000, 3.000000
782.5, 3.328500, 5.000000, 3.000000
783.0, 3.323500, 5.000000, 3.000000
783.5, 3.328500, 5.000000, 3.000000
784.0, 3.328500, 5.000000, 3.000000
784.5, 3.328500, 5.000000, 3.000000
785.0, 3.328500, 5.000000, 3.000000
785.5, 3.328500, 5.000000, 3.000000
786.0, 3.328500, 5.000000, 3.000000
786.5, 3.328500, 5.000000, 3.000000
787.0, 3.328500, 5.000000, 3.000000
787.5, 3.328500, 5.000000, 3.000000
788.0, 3.328500, 5.000000, 3.000000
788.5, 3.328500, 5.000000, 3.000000
789.0, 3.328500, 5.000000, 3.000000
789.5, 3.328500, 5.000000, 3.000000
790.0, 3.328500, 5.000000, 3.000000
790.5, 3.328500, 5.000000, 3.000000
791.0, 3.333500, 5.000000, 3.000000
791.5, 3.328500, 5.000000, 3.000000
792.0, 3.318500, 5.000000, 3.000000
792.5, 3.328500, 5.000000, 3.000000
793.0, 3.328500, 5.000000, 3.000000
793.5, 3.328500, 5.000000, 3.000000
794.0, 3.328500, 5.000000, 3.000000
794.5, 3.328500, 5.000000, 3.000000
795.0, 3.328500, 5.000000, 3.000000
795.5, 3.328500, 5.000000, 3.000000
796.0, 3.328500, 5.000000, 3.000000
796.5, 3.333500, 5.000000, 3.000000
797.0, 3.328500, 5.000000, 3.000000
797.5, 3.333500, 5.000000, 3.000000
798.0, 3.328500, 5.000000, 3.000000
798.5, 3.333500, 5.000000, 3.000000
799.0, 3.328500, 5.000000, 3.000000
799.5, 3.328500, 5.000000, 3.000000
800.0, 3.328500, 5.000000, 3.000000
800.5, 3.328500, 5.000000, 3.000000
801.0, 3.328500, 5.000000, 3.000000
801.5, 3.328500, 5.000000, 3.000000
802.0, 3.333500, 5.000000, 3.000000
802.5, 3.328500, 5.000000, 3.000000
803.0, 3.323500, 5.000000, 3.000000
803.5, 3.323500, 5.000000, 3.000000
804.0, 3.328500, 5.000000, 3.000000
804.5, 3.333500, 5.000000, 3.000000
805.0, 3.333500, 5.000000, 3.000000
805.5, 3.328500, 5.000000, 3.000000
806.0, 3.323500, 5.000000, 3.000000
806.5, 3.328500, 5.000000, 3.000000
807.0, 3.328500, 5.000000, 3.000000
807.5, 3.328500, 5.000000, 3.000000
808.0, 3.328500, 5.000000, 3.000000
808.5, 3.328500, 5.000000, 3.000000
809.0, 3.328500, 5.000000, 3.000000
809.5, 3.333500, 5.000000, 3.000000
810.0, 3.328500, 5.000000, 3.000000
810.5, 3.333500, 5.000000, 3.000000
811.0, 3.333500, 5.000000, 3.000000
811.5, 3.333500, 5.000000, 3.000000
812.0, 3.328500, 5.000000, 3.002000
812.5, 3.328500, 5.000000, 3.005000
813.0, 3.328500, 5.000000, 3.008000
813.5, 3.328500, 5.000000, 3.008000
814.0, 3.333500, 5.000000, 3.008000
814.5, 3.328500, 5.000000, 3.011000
815.0, 3.328500, 5.000000, 3.014000
815.5, 3.328500, 5.000000, 3.017000
816.0, 3.333500, 5.000000, 3.020000
816.5, 3.328500, 5.000000, 3.023000
817.0, 3.328500, 5.000000, 3.025000
817.5, 3.333500, 5.000000, 3.028000
818.0, 3.333500, 5.000000, 3.031000
818.5, 3.328500, 5.000000, 3.034000
819.0, 3.333500, 5.000000, 3.036000
819.5, 3.328500, 5.000000, 3.039000
820.0, 3.328500, 5.000000, 3.041000
820.5, 3.328500, 5.000000, 3.044000
821.0, 3.328500, 5.000000, 3.046000
821.5, 3.333500, 5.000000, 3.049000
822.0, 3.328500, 5.000000, 3.051000
822.5, 3.333500, 5.000000, 3.054000
823.0, 3.328500, 5.000000, 3.056000
823.5, 3.333500, 5.000000, 3.059000
824.0, 3.323500, 5.000000, 3.061000
824.5, 3.328500, 5.000000, 3.064000
825.0, 3.328500, 5.000000, 3.066000
825.5, 3.333500, 5.000000, 3.069000
826.0, 3.328500, 5.000000, 3.071000
826.5, 3.333500, 5.000000, 3.074000
827.0, 3.328500, 5.000000, 3.076000
827.5, 3.333500, 5.000000, 3.079000
828.0, 3.328500, 5.000000, 3.081000
828.5, 3.333500, 5.000000, 3.084000
829.0, 3.328500, 5.000000, 3.086000
829.5, 3.318500, 5.000000, 3.089000
830.0, 3.328500, 5.000000, 3.093000
830.5, 3.328500, 5.000000, 3.096000
831.0, 3.323500, 5.000000, 3.100000
831.5, 3.318500, 5.000000, 3.103000
832.0, 3.333500, 5.000000, 3.106000
832.5, 3.328500, 5.000000, 3.109000
833.0, 3.328500, 5.000000, 3.112000
833.5, 3.333500, 5.000000, 3.115000
834.0, 3.328500, 5.000000, 3.118000
834.5, 3.328500, 5.000000, 3.121000
835.0, 3.333500, 5.000000, 3.124000
835.5, 3.328500, 5.000000, 3.127000
836.0, 3.333500, 5.000000, 3.130000
836.5, 3.328500, 5.000000, 3.133000
837.0, 3.328500, 5.000000, 3.135000
837.5, 3.328500, 5.000000, 3.138000
838.0, 3.328500, 5.000000, 3.141000
838.5, 3.328500, 5.000000, 3.144000
839.0, 3.333500, 5.000000, 3.147000
839.5, 3.328500, 5.000000, 3.150000
840.0, 3.328500, 5.000000, 3.152000
840.5, 3.328500, 5.000000, 3.155000
841.0, 3.328500, 5.000000, 3.158000
841.5, 3.323500, 5.000000, 3.161000
842.0, 3.328500, 5.000000, 3.164000
842.5, 3.333500, 5.000000, 3.166000
843.0, 3.328500, 5.000000, 3.169000
843.5, 3.333500, 5.000000, 3.172000
844.0, 3.328500, 5.000000, 3.174000
844.5, 3.333500, 5.000000, 3.177000
845.0, 3.333500, 5.000000, 3.180000
845.5, 3.328500, 5.000000, 3.182000
846.0, 3.323500, 5.000000, 3.185000
846.5, 3.328500, 5.000000, 3.188000
847.0, 3.328500, 5.000000, 3.191000
847.5, 3.333500, 5.000000, 3.194000
848.0, 3.328500, 5.000000, 3.196000
848.5, 3.328500, 5.000000, 3.199000
849.0, 3.328500, 5.000000, 3.202000
849.5, 3.333500, 5.000000, 3.204000
850.0, 3.328500, 5.000000, 3.207000
850.5, 3.333500, 5.000000, 3.210000
851.0, 3.328500, 5.000000, 3.212000
851.5, 3.333500, 5.000000, 3.215000
852.0, 3.328500, 5.000000, 3.218000
852.5, 3.333500, 5.000000, 3.221000
853.0, 3.323500, 5.000000, 3.224000
853.5, 3.323500, 5.000000, 3.227000
854.0, 3.328500, 5.000000, 3.229000
854.5, 3.333500, 5.000000, 3.232000
855.0, 3.323500, 5.000000, 3.235000
855.5, 3.333500, 5.000000, 3.237000
856.0, 3.328500, 5.000000, 3.240000
856.5, 3.328500, 5.000000, 3.243000
857.0, 3.328500, 5.000000, 3.245000
857.5, 3.328500, 5.000000, 3.248000
858.0, 3.328500, 5.000000, 3.251000
858.5, 3.333500, 5.000000, 3.254000
859.0, 3.328500, 5.000000, 3.256000
859.5, 3.328500, 5.000000, 3.259000
860.0, 3.328500, 5.000000, 3.260000
860.5, 3.328500, 5.000000, 3.262000
861.0, 3.328500, 5.000000, 3.265000
861.5, 3.328500, 5.000000, 3.267000
862.0, 3.328500, 5.000000, 3.270000
862.5, 3.328500, 5.000000, 3.272000
863.0, 3.328500, 5.000000, 3.274000
863.5, 3.328500, 5.000000, 3.277000
864.0, 3.328500, 5.000000, 3.278000
864.5, 3.328500, 5.000000, 3.281000
865.0, 3.328500, 5.000000, 3.283000
865.5, 3.333500, 5.000000, 3.286000
866.0, 3.328500, 5.000000, 3.288000
866.5, 3.328500, 5.000000, 3.290000
867.0, 3.328500, 5.000000, 3.293000
867.5, 3.328500, 5.000000, 3.295000
868.0, 3.323500, 5.000000, 3.297000
868.5, 3.328500, 5.000000, 3.299000
869.0, 3.333500, 5.000000, 3.301000
869.5, 3.328500, 5.000000, 3.304000
870.0, 3.328500, 5.000000, 3.307000
870.5, 3.328500, 5.000000, 3.310000
871.0, 3.328500, 5.000000, 3.313000
871.5, 3.328500, 5.000000, 3.315000
872.0, 3.333500, 5.000000, 3.317000
872.5, 3.328500, 5.000000, 3.320000
873.0, 3.328500, 5.000000, 3.323000
873.5, 3.323500, 5.000000, 3.326000
874.0, 3.328500, 5.000000, 3.329000
874.5, 3.328500, 5.000000, 3.332000
875.0, 3.333500, 5.000000, 3.334000
875.5, 3.323500, 5.000000, 3.337000
876.0, 3.328500, 5.000000, 3.340000
876.5, 3.328500, 5.000000, 3.343000
877.0, 3.328500, 5.000000, 3.346000
877.5, 3.328500, 5.000000, 3.348000
878.0, 3.323500, 5.000000, 3.351000
878.5, 3.328500, 5.000000, 3.353000
879.0, 3.328500, 5.000000, 3.356000
879.5, 3.328500, 5.000000, 3.359000
880.0, 3.328500, 5.000000, 3.361000
880.5, 3.333500, 5.000000, 3.364000
881.0, 3.328500, 5.000000, 3.366000
881.5, 3.328500, 5.000000, 3.369000
882.0, 3.328500, 5.000000, 3.372000
882.5, 3.328500, 5.000000, 3.374000
883.0, 3.333500, 5.000000, 3.377000
883.5, 3.328500, 5.000000, 3.380000
884.0, 3.333500, 5.000000, 3.382000
884.5, 3.328500, 5.000000, 3.385000
885.0, 3.323500, 5.000000, 3.387000
885.5, 3.323500, 5.000000, 3.390000
886.0, 3.328500, 5.000000, 3.392000
886.5, 3.328500, 5.000000, 3.395000
887.0, 3.333500, 5.000000, 3.398000
887.5, 3.328500, 5.000000, 3.401000
888.0, 3.328500, 5.000000, 3.403000
888.5, 3.328500, 5.000000, 3.406000
889.0, 3.333500, 5.000000, 3.409000
889.5, 3.333500, 5.000000, 3.412000
890.0, 3.328500, 5.000000, 3.414000
890.5, 3.328500, 5.000000, 3.417000
891.0, 3.333500, 5.000000, 3.420000
891.5, 3.328500, 5.000000, 3.422000
892.0, 3.333500, 5.000000, 3.422000
892.5, 3.328500, 5.000000, 0.500000
893.0, 3.328500, 5.000000, 5.000000
893.5, 3.284500, 5.000000, 5.000000
894.0, 3.284500, 5.000000, 5.000000
894.5, 3.284500, 5.000000, 5.000000
895.0, 3.284500, 5.000000, 5.000000
895.5, 3.284500, 5.000000, 5.000000
896.0, 3.284500, 5.000000, 5.000000
896.5, 3.289500, 5.000000, 5.000000
897.0, 3.284500, 5.000000, 5.000000
897.5, 3.284500, 5.000000, 5.000000
898.0, 3.289500, 5.000000, 5.000000
898.5, 3.284500, 5.000000, 5.000000
899.0, 3.289500, 5.000000, 5.000000
899.5, 3.279500, 5.000000, 5.000000
900.0, 3.284500, 5.000000, 5.000000
